feature,coefficient,abs_coefficient
lymph_nodes_examined_positive,0.10466689985505005,0.10466689985505005
tumor_size,0.08737487401114814,0.08737487401114814
tumor_stage,0.07944448231295266,0.07944448231295266
integrative_cluster_6,0.06978632075223898,0.06978632075223898
ncoa3,0.04134426630677895,0.04134426630677895
gata3_mut,-0.03551826996987846,0.03551826996987846
cxcl8,0.03524040743954146,0.03524040743954146
slc19a1,0.029451766686410016,0.029451766686410016
igf1r,-0.025211247817154583,0.025211247817154583
fn1,0.0198213485285138,0.0198213485285138
stat5b,-0.01971954385125958,0.01971954385125958
pms2,-0.018847427898788283,0.018847427898788283
prkcq,0.01868181039360037,0.01868181039360037
tp53_mut,0.018519214141283873,0.018519214141283873
integrative_cluster_3,-0.01633442037396836,0.01633442037396836
diras3,-0.01480718882620933,0.01480718882620933
stat5a,-0.013836637339687347,0.013836637339687347
casp10,0.013219754834782145,0.013219754834782145
prkce_mut,0.012940833635533753,0.012940833635533753
st7,-0.012859606747134615,0.012859606747134615
smarcd1,0.011597850546610567,0.011597850546610567
rpgr,-0.01154950069103148,0.01154950069103148
type_of_breast_surgery_1,0.011272409670570922,0.011272409670570922
fancd2,0.009111985713732977,0.009111985713732977
bard1,0.008265319602163416,0.008265319602163416
mmp15,0.0069788113145355215,0.0069788113145355215
eif4ebp1,0.006750134194511629,0.006750134194511629
chemotherapy,0.006214383982136673,0.006214383982136673
hsd17b2,0.006016847205987462,0.006016847205987462
flt3,-0.005467042037524454,0.005467042037524454
cdkn2c,-0.004699496814227648,0.004699496814227648
akt1,0.004617877256692289,0.004617877256692289
egfr,0.004554785032001178,0.004554785032001178
mmp12,0.004207743597077006,0.004207743597077006
dlec1,-0.0036048814075455167,0.0036048814075455167
stk11,0.003415355245972686,0.003415355245972686
neoplasm_histologic_grade,0.003288660981661716,0.003288660981661716
hsd3b2,0.00322800676436618,0.00322800676436618
rptor,0.002321916279817816,0.002321916279817816
dnah11,0.0013048522188833429,0.0013048522188833429
prkacg,0.0012892267939228314,0.0012892267939228314
