,Gene Accession Number,T_Value,P_Value,Rank
4327,X59417_at,8.89328098144812,2.958823662327054e-12,1.0
2353,M92287_at,8.82904801819368,6.432665889198931e-12,2.0
6854,M31523_at,8.7339460886234,1.1797391037563018e-11,3.0
6280,M31211_s_at,7.991860951175781,1.9746637768620355e-11,4.0
2641,U05259_rna1_at,8.44367184278914,4.119695000272866e-11,5.0
6224,M84371_rna1_s_at,8.119140942662805,4.726905664439887e-11,6.0
1143,J05243_at,7.869546436695875,8.406608872617791e-11,7.0
1684,M11722_at,7.993042111796177,2.3945805355432656e-10,8.0
2334,M89957_at,7.72509287807887,2.6731490486807706e-10,9.0
2440,S50223_at,7.433211683380831,2.708239880198499e-10,10.0
6973,M28170_at,7.266510429342567,4.856048759342057e-10,11.0
803,HG1612-HT1612_at,7.232358137934646,4.890888246772126e-10,12.0
5771,U22376_cds2_s_at,7.241274647334121,5.210564265334258e-10,13.0
4972,Y08612_at,7.3031311526443385,5.318582486296796e-10,14.0
7118,U29175_at,7.3153708670446,8.502406577709656e-10,15.0
6701,X97267_rna1_s_at,7.13920753899623,9.25386261463342e-10,16.0
757,D88270_at,7.351608686993866,2.666022198646595e-09,17.0
1961,M33680_at,6.806278977638833,2.81818717037212e-09,18.0
1927,M31303_rna1_at,6.806524175784983,3.057414676969251e-09,19.0
4195,X17042_at,-7.887635279610283,3.1622473238863794e-09,20.0
5500,Z15115_at,6.884903398222449,5.118168606906465e-09,21.0
4846,X95735_at,-8.421932112137346,5.570553274919289e-09,22.0
4437,X66401_cds1_at,6.756517248823991,5.5953410489896495e-09,23.0
5376,U07139_at,6.523967252314339,9.441242537178815e-09,24.0
4166,X15414_at,6.51071470540309,1.0693704881938137e-08,25.0
1077,J03473_at,6.720660547162753,1.094953925391815e-08,26.0
5592,D26156_s_at,6.512191815996547,1.1784555896883852e-08,27.0
3251,U46499_at,-7.291639962227583,1.8245519111951662e-08,28.0
1629,L47738_at,6.501286177027612,2.1434011006152992e-08,29.0
6282,M65214_s_at,6.378414826457627,2.4666992582724025e-08,30.0
5551,L06797_s_at,6.368560849817152,2.4768421723151837e-08,31.0
5170,Z49194_at,6.576726836958197,2.9531684573991408e-08,32.0
4210,X51521_at,6.261709477171312,4.039033536470801e-08,33.0
148,AF009426_at,6.109374110306103,5.0556086586735806e-08,34.0
3721,U77948_at,6.100313490196807,5.4747964549655505e-08,35.0
4950,Y07604_at,-6.371239270137034,6.46350922835865e-08,36.0
4608,X78669_at,5.9852281995343315,9.191541589965267e-08,37.0
2019,M55150_at,-6.773571368792958,9.768530164992433e-08,38.0
6256,M27504_s_at,5.950574750668636,1.1042399489704222e-07,39.0
2110,M62762_at,-6.683182188433854,1.1738316346656292e-07,40.0
1238,L07633_at,5.872560833115146,1.39157812870617e-07,41.0
1305,L13278_at,5.839435658418881,1.5029192488302904e-07,42.0
1908,M29696_at,6.112466867900961,1.5951246209570034e-07,43.0
2496,S76617_at,6.0387031572056165,1.6364401607571806e-07,44.0
4679,X82240_rna1_at,6.158979521190856,1.6504236425572827e-07,45.0
667,D86967_at,5.8626034996280305,2.0054166160141225e-07,46.0
537,D63880_at,5.784889715166217,2.295322445667554e-07,47.0
3983,U94855_at,5.763638805474116,2.511907234536084e-07,48.0
5253,D38073_at,5.680514496090188,2.8813911875424977e-07,49.0
2347,M91432_at,5.868073121653028,2.948954296203408e-07,50.0
6040,L09209_s_at,-6.685587810310298,2.9601705914789216e-07,51.0
2438,S46622_at,5.690520784867492,3.0049951605504403e-07,52.0
4462,X67951_at,5.672615565238701,3.1391756970243216e-07,53.0
4317,X58529_at,5.645117565652121,3.280327602031851e-07,54.0
6471,U18271_cds3_s_at,5.658395852536298,3.3231795077200375e-07,55.0
4534,X74262_at,5.693830812056524,3.6352828667303655e-07,56.0
6800,L49229_f_at,5.633325007444549,3.964617912258887e-07,57.0
6470,U09087_s_at,5.599851219559337,4.208539531541792e-07,58.0
4290,X56468_at,5.594676912838163,4.322389302561055e-07,59.0
6346,M63838_s_at,5.613931969724226,4.3302118889067787e-07,60.0
411,D42043_at,5.588823032598784,4.464444560820952e-07,61.0
2130,M63488_at,5.56805229035244,4.5081148718791896e-07,62.0
4479,X69111_at,5.773153850722688,4.6606296611664363e-07,63.0
2275,M83233_at,5.564757013348209,4.809334345335107e-07,64.0
2625,U03911_at,5.54483468355779,4.993537305249365e-07,65.0
531,D63874_at,5.4865618758207555,6.337753533682504e-07,66.0
460,D49950_at,-6.096297359102807,6.424481646349943e-07,67.0
1833,M23197_at,-6.6243467007243755,6.519162315516041e-07,68.0
5624,X62153_s_at,5.442585235911564,7.396337573144943e-07,69.0
4581,X76648_at,5.438335989799402,7.460084807867458e-07,70.0
3506,U62136_at,5.523323160813002,7.815984031673689e-07,71.0
1673,M11147_at,-6.127149482431783,8.211903826246402e-07,72.0
4446,X66867_cds1_at,5.420259821613491,8.360153904211622e-07,73.0
2083,M60527_at,5.423283727202721,9.053484990003803e-07,74.0
4365,X61587_at,-6.1282878098799864,9.28473892441971e-07,75.0
1744,M16038_at,-6.346729117121457,9.634320502593305e-07,76.0
5061,Z14982_rna1_at,5.370262519450743,9.809453245046818e-07,77.0
1828,M22960_at,-6.270883636680965,1.0398262436511996e-06,78.0
1080,J03589_at,5.345208508531021,1.0754843028330407e-06,79.0
3777,U79285_at,5.340133127810099,1.0988335755166195e-06,80.0
489,D50918_at,5.3601804736241165,1.1395580810911161e-06,81.0
5273,HG2846-HT2983_at,5.415059637046353,1.2303081414304946e-06,82.0
1597,L41559_at,-5.609445548123186,1.3511352964526912e-06,83.0
6514,U26266_s_at,5.2950094796327045,1.3670569894461657e-06,84.0
6004,M32304_s_at,-5.977220611662441,1.4176408728837216e-06,85.0
6166,M12959_s_at,5.485901593230055,1.4248267424467041e-06,86.0
1905,M29551_at,5.270754954869607,1.4751860623409823e-06,87.0
2732,U10485_at,5.480117911655459,1.5047698735920486e-06,88.0
3171,U40572_at,5.263805847437345,1.5439715887123249e-06,89.0
3474,U60115_at,5.252982213353558,1.6318898664978628e-06,90.0
4388,X63469_at,5.302080354548956,1.6366198396146524e-06,91.0
5687,L33930_s_at,5.376720648390243,1.6869592155351815e-06,92.0
877,HG2855-HT2995_at,5.236724449299097,1.7411421770199726e-06,93.0
4152,X14850_at,5.219145163134567,1.7529346124649577e-06,94.0
4471,X68560_at,5.311704988060361,1.7993282084371712e-06,95.0
5584,U00802_s_at,5.212865880956083,1.8038465066299648e-06,96.0
2287,M84526_at,-6.212086389463659,2.010831467270645e-06,97.0
1259,L09717_at,-5.69825963156978,2.031424381023723e-06,98.0
3931,U90549_at,5.289266469987463,2.0702099297313926e-06,99.0
3069,U33822_at,5.305768710426036,2.1473525708055094e-06,100.0
4005,U97502_rna1_at,5.166428248726493,2.3686099088598994e-06,101.0
2120,M63138_at,-6.018776118548609,2.6266480679048073e-06,102.0
3687,U73737_at,5.27639507746959,2.678596230167248e-06,103.0
6063,L14848_s_at,5.1938175309386505,2.7071408373000624e-06,104.0
5190,Z69881_at,5.109723460457526,2.800363063193396e-06,105.0
634,D84294_at,5.1628440802452396,2.953073147649712e-06,106.0
4323,X59350_at,5.157795054205848,2.9555796304516343e-06,107.0
3319,U50136_rna1_at,-5.862153521151506,2.962445019004919e-06,108.0
1881,M27891_at,-6.050179406173636,2.9626199186917467e-06,109.0
4913,X99585_at,5.080831183995036,3.0272171715540075e-06,110.0
228,D14658_at,5.090805553906937,3.055564373399942e-06,111.0
2362,M93056_at,-5.4666602297496425,3.1786520077768853e-06,112.0
6760,L11672_r_at,5.047198250998153,3.4734029405451793e-06,113.0
2854,U18062_at,5.095741465174141,3.511056404141157e-06,114.0
2407,M96803_at,5.0546903285526605,3.7570214468545235e-06,115.0
2009,M38690_at,5.166686865523673,3.866076307948863e-06,116.0
1379,L20010_at,5.00200465702839,4.047705322000645e-06,117.0
3220,U43885_at,5.012291347161657,4.098140020755895e-06,118.0
2474,S72008_at,4.997960748439621,4.119860790688058e-06,119.0
5299,L08895_at,5.0854584427011424,4.129142633795055e-06,120.0
1206,L05148_at,5.0558306759559075,4.5980526014487085e-06,121.0
1703,M13792_at,4.96802366855175,4.691812615664475e-06,122.0
4935,Y00433_at,-5.21323133154168,4.726273160316412e-06,123.0
1119,J04615_at,4.984764085757106,4.7443922836724975e-06,124.0
3974,U94319_at,4.961233631851788,4.760991910543804e-06,125.0
1368,L19437_at,-5.18005695960073,4.8484575550973975e-06,126.0
5983,J04029_s_at,4.989872886395477,4.851730265423784e-06,127.0
4115,X12447_at,-5.26653628143525,5.012587039620624e-06,128.0
2421,M98045_at,5.0309636448965716,5.2412673288995144e-06,129.0
3390,U53468_at,4.9560495186054485,5.311396119863451e-06,130.0
4924,X99920_at,5.056132599028596,5.3790383734772775e-06,131.0
4163,X15357_at,4.942943236566306,5.405498412035977e-06,132.0
1550,L38951_at,4.922286652219159,5.576363050360708e-06,133.0
3136,U38846_at,4.9460910446446125,5.7254710289621625e-06,134.0
5128,Z35102_at,4.9111158357951314,5.737257166825671e-06,135.0
4447,X66899_at,4.888550547827771,6.320110289615641e-06,136.0
6572,U49020_cds2_s_at,4.974139155683738,6.382487714161087e-06,137.0
6048,U89922_s_at,5.019696041333169,6.410829425818757e-06,138.0
4643,X80230_at,4.8808850672989035,6.5375761482494726e-06,139.0
3846,U82759_at,-5.373622034307605,6.576663488615826e-06,140.0
3705,U76638_at,4.885146558104882,6.631581779926613e-06,141.0
6515,U26312_s_at,4.8660843917733185,6.810898979595105e-06,142.0
3055,U32944_at,4.8847299404249975,6.900987106148977e-06,143.0
6918,X16546_at,-5.59608913426634,7.1810748389269e-06,144.0
4329,X59543_at,4.853815230275989,7.296078299142968e-06,145.0
6894,U27460_at,4.979346990949356,7.498941106855671e-06,146.0
3335,U50939_at,4.835592188517237,7.6049753122822494e-06,147.0
1290,L11669_at,-5.23816663565007,7.661434850464514e-06,148.0
1398,L21936_at,4.891373148402823,7.86640544788086e-06,149.0
64,AB000449_at,4.857217317622687,8.032237833002204e-06,150.0
6725,HG3546-HT3744_s_at,4.81861098469346,8.128397838703688e-06,151.0
2738,U10868_at,-5.220517582197127,8.410958203038927e-06,152.0
4228,X52056_at,-5.474391464316762,8.459350597413356e-06,153.0
3103,U36621_cds2_at,4.812317589218661,8.740402327323594e-06,154.0
1896,M29064_at,4.789360869260643,9.064843882705763e-06,155.0
1603,L41870_at,4.871539119640065,9.29811781838606e-06,156.0
3783,U79291_at,4.807493793103617,9.39565681809738e-06,157.0
2908,U20998_at,4.767583053461593,1.075061391361707e-05,158.0
5230,Z93784_at,4.738244017527615,1.1079834030963911e-05,159.0
3421,U57094_at,-5.029829182712555,1.140055164583817e-05,160.0
292,D23673_at,4.727316375719876,1.1410749060459982e-05,161.0
4830,X95073_at,4.722198356898525,1.1668761122554589e-05,162.0
633,D84276_at,4.733736896304428,1.1796311438108316e-05,163.0
4591,X77533_at,4.891475689270195,1.180058001241775e-05,164.0
1086,J03798_at,4.72722608340124,1.2207532254836946e-05,165.0
3860,U83843_at,4.706684948945373,1.2320785961707694e-05,166.0
3358,U51990_at,4.7078726248056295,1.24308265019644e-05,167.0
1806,M21551_rna1_at,-4.8660981243856405,1.2869731147069454e-05,168.0
234,D14664_at,-5.145188222559685,1.3161667218473595e-05,169.0
5822,X75755_rna1_s_at,4.685172352323052,1.4507477070757504e-05,170.0
1912,M29971_at,4.721376109084243,1.4784876793843665e-05,171.0
331,D28423_at,4.651583477598417,1.5129185689829602e-05,172.0
2994,U28833_at,4.7486434877743084,1.568618419836113e-05,173.0
3415,U56833_at,4.679298422503361,1.5904400445637193e-05,174.0
3610,U68063_at,4.630533335461236,1.6477786955378156e-05,175.0
1380,L20298_at,4.6551312416880934,1.680985126177719e-05,176.0
5129,Z35227_at,4.619612379903386,1.7337378149322755e-05,177.0
6183,M26708_s_at,4.732284539555741,1.8497331938761707e-05,178.0
6372,M81695_s_at,-5.160803689555684,1.9605484896096985e-05,179.0
1614,L42379_at,-5.060527955533777,2.0022404248635816e-05,180.0
5086,Z23064_at,4.58776581835455,2.0122652039921854e-05,181.0
5106,Z29067_at,-4.859669475663997,2.0681381819488384e-05,182.0
1724,M14636_at,-4.64400229239009,2.086255045179176e-05,183.0
2214,M74719_at,4.6756866948727005,2.1062175531538895e-05,184.0
3887,U86782_at,4.553415852104938,2.1704669890224832e-05,185.0
586,D80003_at,4.558090156264058,2.172550395046918e-05,186.0
6184,X64072_s_at,-5.111363010516627,2.216927686076576e-05,187.0
2596,U02493_at,4.552313881375771,2.2206793851457186e-05,188.0
3937,U90902_at,4.598819222299296,2.2520116936852506e-05,189.0
2832,U16954_at,4.659820897764009,2.2779063222878294e-05,190.0
4398,X63753_at,4.557165484659727,2.3038980114859192e-05,191.0
6622,U72936_s_at,4.634983295079768,2.3054209256198605e-05,192.0
884,HG3088-HT3263_at,4.576777003875382,2.374060534113508e-05,193.0
3095,U35451_at,4.546581537879751,2.377530926780303e-05,194.0
589,D80006_at,4.527068698794266,2.3994791012416366e-05,195.0
696,D87078_at,4.516173381119618,2.4888837528541026e-05,196.0
6724,U46006_s_at,4.655544630863601,2.5202498551003446e-05,197.0
3182,U41635_at,-4.807431444442211,2.5439370970471913e-05,198.0
6846,M13485_at,-4.681382965102068,2.6129821312545416e-05,199.0
584,D80001_at,4.511150537744981,2.6228900400629188e-05,200.0
133,AF005043_at,4.517982348867465,2.6272071737672672e-05,201.0
1826,M22898_at,4.496526830027492,2.6847149312801475e-05,202.0
5334,M21535_at,4.542222202587782,2.7165310700918354e-05,203.0
4545,X74801_at,4.49459028620098,2.716639678397534e-05,204.0
653,D86479_at,4.558648999090236,2.77099792442196e-05,205.0
682,D86983_at,4.578528529504361,2.934097077787323e-05,206.0
4417,X65550_at,4.472675697153544,2.967883219715481e-05,207.0
5682,U19713_s_at,-4.708852377761796,2.9836099227922063e-05,208.0
2545,S82470_at,-4.759517425635448,3.2131891691647327e-05,209.0
4376,X62654_rna1_at,-5.016926974059333,3.259588206658266e-05,210.0
6805,X14008_rna1_f_at,-5.027572659709313,3.302698521990175e-05,211.0
283,D21262_at,4.451750716266103,3.370165336287275e-05,212.0
1158,K01911_at,4.592323095788389,3.3798658551794617e-05,213.0
4229,X52142_at,4.529076528268282,3.4547735353613125e-05,214.0
6119,M34458_rna1_s_at,4.427177702846557,3.650618516047152e-05,215.0
2576,U01062_at,4.405671896912907,3.719165277945586e-05,216.0
5093,Z24727_at,-4.501614217023749,3.7243276473591595e-05,217.0
6796,J03801_f_at,-4.95714065050533,3.745672055167463e-05,218.0
4713,X84709_at,4.414900695590129,3.7696858282649047e-05,219.0
2294,M85169_at,4.397492416124332,3.851573716924917e-05,220.0
351,D30037_at,4.434281558166157,3.882464584783363e-05,221.0
6802,M19045_f_at,-4.933634945055317,3.960493526772291e-05,222.0
4751,X87613_at,4.428693525162211,4.1453348928951614e-05,223.0
3107,U36922_at,4.507860182370592,4.2536268207074836e-05,224.0
5351,M69181_at,4.380268492693529,4.295160501455346e-05,225.0
4652,X80907_at,-4.627101614757793,4.4462863284665076e-05,226.0
3016,U30828_at,4.352415308003688,4.506543971241844e-05,227.0
199,D13627_at,4.358951357487473,4.6694952417550625e-05,228.0
352,D30655_at,4.329131658907771,4.889965117337802e-05,229.0
87,AB002559_at,-4.708873131775315,4.89283657780074e-05,230.0
4194,X17025_at,4.357303469760987,4.89737588325016e-05,231.0
514,D63391_at,4.451290327548749,4.984589122974119e-05,232.0
1648,L76703_at,4.321596127343589,5.025726379465944e-05,233.0
1778,M19507_at,-4.9044178819193815,5.170130240479106e-05,234.0
6200,Y00787_s_at,-4.84469490639754,5.2569678255265724e-05,235.0
5360,M93651_at,4.307007601732165,5.326556571378202e-05,236.0
6168,M13690_s_at,-4.613274279127229,5.359363953078986e-05,237.0
1267,L10373_at,4.372572053686952,5.4805214867460705e-05,238.0
3134,U38545_at,-4.450806459508489,5.6071810515283835e-05,239.0
2497,S76965_at,4.338650511398194,5.924830430100456e-05,240.0
3713,U77604_at,-4.356989309621189,6.007320970263365e-05,241.0
3011,U30255_at,-4.627553699998941,6.084936644883091e-05,242.0
6387,S54005_s_at,4.283573218415296,6.162779864353448e-05,243.0
1542,L38810_at,4.2788461200693675,6.209214863430907e-05,244.0
2013,M54992_at,4.388570129153277,6.306983067265259e-05,245.0
6178,M14328_s_at,-4.486791630957409,6.527431685166279e-05,246.0
2484,S74221_at,4.245645334983643,6.616150885190676e-05,247.0
6919,X17093_at,4.241427548078328,6.709377670067962e-05,248.0
694,D87076_at,4.309610296302288,6.860278419551464e-05,249.0
3898,U88666_at,4.281452221063836,7.036876325303495e-05,250.0
2658,U07132_at,-4.437545859301359,7.043883108252495e-05,251.0
971,HG4074-HT4344_at,4.237143112637036,7.077097238440925e-05,252.0
670,D86970_at,4.240161510130834,7.249273324871256e-05,253.0
155,AF015950_at,4.3146255638190585,7.258181477956003e-05,254.0
3013,U30521_at,4.271706930331191,7.401959939366164e-05,255.0
2911,U21090_at,4.222412988386698,7.422254364121658e-05,256.0
5832,U05572_s_at,-4.589352398566082,7.444521623067052e-05,257.0
1901,M29474_at,4.3089199913093195,7.572253623374643e-05,258.0
6375,M83652_s_at,-4.72211506145947,7.667980568020483e-05,259.0
7045,J00148_cds2_f_at,4.326977676542663,7.692863392794782e-05,260.0
4696,X83378_at,-4.338889122804387,7.721363399686363e-05,261.0
2401,M96326_rna1_at,-4.743037323832494,7.870659647054968e-05,262.0
5582,D17408_s_at,4.2565810593115945,7.88970727996517e-05,263.0
3370,U52427_rna1_at,4.218262024102224,7.91845796638677e-05,264.0
154,AF015913_at,4.236629685345122,7.973342651163477e-05,265.0
2384,M94633_at,4.239287716799243,7.974915328234129e-05,266.0
899,HG3254-HT3431_at,-4.33622337567092,8.06080804381167e-05,267.0
2597,U02556_at,4.181506234258344,8.25535294574124e-05,268.0
832,HG2274-HT2370_at,4.2700689088754284,8.562418761848121e-05,269.0
4822,X94232_at,4.17170884383894,8.587055557163376e-05,270.0
1248,L08246_at,-4.510209883746483,8.68003677410143e-05,271.0
3354,U51678_at,4.17830150438666,8.729808013078493e-05,272.0
6587,U59877_s_at,-4.256924110710026,8.733032689255073e-05,273.0
2792,U14588_at,-4.389539215695341,8.745797952106703e-05,274.0
3938,U90904_at,4.193646594688799,8.804807608941719e-05,275.0
3003,U29656_at,-4.39024720816149,8.822801796605715e-05,276.0
3561,U65932_at,4.240140474019675,9.063568936334003e-05,277.0
2955,U25849_at,4.15195557232999,9.256788126136161e-05,278.0
4090,X06614_at,-4.437272760991831,9.293224218095693e-05,279.0
5467,X63468_at,4.1402815258700025,9.544273846921214e-05,280.0
1538,L38608_at,-4.431496807143059,9.59429246787099e-05,281.0
371,D31886_at,4.144741314538876,9.603023312997499e-05,282.0
3468,U59878_at,-4.392606491382901,9.927170150015292e-05,283.0
1054,J02645_at,4.134712790933641,9.933601644877821e-05,284.0
4140,X13973_at,-4.488196221038071,9.994720218866338e-05,285.0
4380,X63097_at,-4.241092214111247,0.00010058766028351446,286.0
5279,J02783_at,-4.447752700306726,0.00010250431761352014,287.0
6236,Z68228_s_at,4.119182845578177,0.0001027161457070641,288.0
4893,X98411_at,-4.464294699750911,0.00010462865220248343,289.0
1240,L07758_at,4.1119299583897115,0.0001054079619725466,290.0
6966,M15395_at,-4.506130036727614,0.00010612598396015183,291.0
6560,U41767_s_at,-4.432840371706161,0.00010622363347493785,292.0
4897,X98833_rna1_at,4.140960133526382,0.00010633985608538523,293.0
287,D21852_at,4.112941652428624,0.00010671989738217355,294.0
1134,J05032_at,4.110356413169714,0.00010817887568870992,295.0
4800,X92106_at,4.104968685042834,0.00010827381430406821,296.0
5118,Z30426_at,4.126624731599104,0.00011185348022388151,297.0
1786,M19989_cds2_at,4.146557913848968,0.00011224251384836302,298.0
3896,U88047_at,-4.2954677269750645,0.00011308485011511784,299.0
2000,M37435_at,-4.392766610031751,0.00011341313716255325,300.0
349,D29963_at,-4.382146869272664,0.00011382963218229319,301.0
3343,U51240_at,4.08913864758673,0.00011441897250507879,302.0
6767,U90546_at,4.090987180667655,0.000114733164397793,303.0
3644,U70867_at,-4.157883467998152,0.0001178805049340643,304.0
6538,X85116_rna1_s_at,-4.422952236816065,0.00011898748582337135,305.0
2708,U09413_at,4.098557460153464,0.00012039796813539163,306.0
3169,U40462_at,4.0790286271494205,0.00012267142223176255,307.0
172,D10495_at,-4.494051802440136,0.00012603342857994788,308.0
402,D38551_at,4.07389360786369,0.00012814846957655098,309.0
3257,U46751_at,-4.483314940359181,0.00012914419555187359,310.0
2222,M76378_at,-4.18975177839178,0.00012977204326435906,311.0
5599,D28473_s_at,4.096778385537992,0.00013233081142747534,312.0
3673,U73167_cds5_at,4.130990633863885,0.00013251082238742605,313.0
1383,L20321_at,4.158893603527396,0.00013688322632632866,314.0
2950,U25435_at,4.049223186404681,0.0001382195405469897,315.0
1886,M28214_at,4.238261639202979,0.00013920077387334176,316.0
462,D50063_at,4.037150220616816,0.0001400194273745487,317.0
6597,U61397_s_at,4.0475113204178435,0.00014082058381379909,318.0
6643,U90552_at,4.087804008716131,0.0001421863904731971,319.0
6462,U06155_at,4.03415887311018,0.0001426321201098006,320.0
6054,U37055_rna1_s_at,4.257504556378585,0.00014370299538068687,321.0
1932,M31627_at,4.045889696740128,0.0001443595729586286,322.0
5749,HG2379-HT3996_s_at,4.183235051140504,0.00014652700309040123,323.0
4333,X59711_at,4.162907413614586,0.00014718415355401214,324.0
2418,M97856_at,4.0160363031703445,0.00014750065376383051,325.0
3493,U61145_at,4.022677481994301,0.00014774431784206007,326.0
3774,U79277_at,4.1120848775181935,0.00015349095796602226,327.0
4722,X85372_at,4.00744148317108,0.00015360205211602867,328.0
5408,U37426_at,3.9990766594187637,0.0001558198266485982,329.0
4004,U97188_at,4.00496609013368,0.00015619228369542038,330.0
6970,M24069_at,4.013610715191065,0.00015664971756582314,331.0
3779,U79287_at,4.001048673300825,0.00015795513556244648,332.0
5765,HG2562-HT2658_s_at,4.145910196241479,0.0001618757077439339,333.0
4531,X74008_at,3.9849069704090967,0.00016362707169094418,334.0
2122,M63167_at,-4.225462825794345,0.00016395701105849296,335.0
728,D87459_at,4.009621329582467,0.00016696769896374082,336.0
282,D21261_at,-4.172612287596631,0.00016882760482034715,337.0
4051,X04085_rna1_at,-4.2302444807170945,0.00017053031909324486,338.0
3560,U65928_at,3.977134683326257,0.00017125717458855942,339.0
3768,U79270_at,3.966970158320704,0.00017377635377669343,340.0
2183,M69023_at,3.963849163433872,0.00017562298665855803,341.0
4498,X70297_at,-4.373081550215507,0.00017773693244235212,342.0
4168,X15573_at,4.04279465148808,0.00018439907582691687,343.0
1216,L06132_at,3.9728504085799656,0.00018453464033023234,344.0
6020,L00634_s_at,3.9444344095927075,0.00018959476484448979,345.0
6922,X58399_at,3.9738593030335876,0.00019014210370196138,346.0
6161,X07438_s_at,-4.186666603320081,0.00019091708081705463,347.0
759,D88422_at,-4.394624189850729,0.0001928972149807787,348.0
5081,Z22551_at,3.935189461168621,0.00019374051647493663,349.0
5188,Z68747_at,3.9356823482646215,0.0001938514972836144,350.0
170,D00763_at,3.958536681596947,0.00019694619753869193,351.0
1926,M31210_at,3.928792159056953,0.0001983426406323162,352.0
4176,X15949_at,3.9263777910285302,0.00019994071823465002,353.0
399,D38548_at,3.976446513539711,0.00020038674547301374,354.0
5214,Z83741_at,3.9257568853234157,0.0002007072058497108,355.0
921,HG3494-HT3688_at,-4.3287605797102255,0.00020193947402506366,356.0
4755,X87852_at,3.927014166707534,0.00020243685404577812,357.0
5414,U41654_at,3.9285956798726307,0.0002047534288100156,358.0
4726,X85750_at,3.9289448203189306,0.00020524597350256424,359.0
4739,X86691_at,3.9165726516210393,0.00020681319502166182,360.0
3701,U76272_at,3.9074380023607773,0.0002133956661877554,361.0
3659,U72342_at,3.916348564403549,0.00021402026548632936,362.0
2527,S80562_at,3.9291317968103274,0.00021581700484749703,363.0
5187,Z68204_at,3.94601604361072,0.0002180763072179303,364.0
5465,X58072_at,3.9877511128817242,0.00021882866772689226,365.0
1803,M21259_at,3.910230978470257,0.00022020346807924583,366.0
4938,Y00636_at,3.912369130052136,0.00022080095083789824,367.0
2654,U06681_at,-4.0771488207862605,0.0002211771573626097,368.0
4449,X66945_at,3.9031808841318187,0.00022287305641125192,369.0
5405,U35376_at,3.952948033309297,0.0002272934945218144,370.0
6909,U84388_at,3.8922084380147686,0.0002280804863666056,371.0
4076,X05323_at,3.8911806639882,0.00023313975858815227,372.0
6313,M38449_s_at,-4.100396739867102,0.0002332212167206323,373.0
5529,AF012024_s_at,3.9059341808083636,0.00023388316667755899,374.0
1752,M16505_at,3.8813814409035388,0.00023433307741284491,375.0
2140,M63959_at,-4.235408011057339,0.00023465662057827746,376.0
1009,HG4582-HT4987_at,3.933967417754988,0.00023477153489410323,377.0
4253,X53793_at,3.8802706926362087,0.00023657940103029494,378.0
2253,M81118_at,3.8742687681819223,0.000238112554755187,379.0
2323,M88108_at,3.8719405423226703,0.00024242307131537653,380.0
5838,X68505_s_at,3.8691131025089582,0.0002556799152401484,381.0
4763,X89398_cds2_at,3.85743564028628,0.00025623116527615343,382.0
5636,D43682_s_at,-4.093814330343298,0.00026381568417570934,383.0
6476,U09820_s_at,3.854836441215321,0.0002687474785948763,384.0
274,D21063_at,3.8529055831734915,0.00026897410949867136,385.0
2941,U24704_at,3.870313836341322,0.0002723546161160382,386.0
5466,X59739_at,3.8539556410659355,0.00028099663088451,387.0
1399,L21954_at,-4.211684036208788,0.00028323464307698684,388.0
1276,L10838_at,3.8316084741206504,0.00029068364337159756,389.0
5295,L06133_at,3.8783627384858885,0.0002925068507439935,390.0
1085,J03779_at,3.855153821752868,0.00029267956079705626,391.0
1618,L42542_at,3.84930659655447,0.00029524117124875185,392.0
996,HG4321-HT4591_at,-3.900331214582793,0.0002958583976897165,393.0
4106,X07743_at,-4.185922005936279,0.0002991947454360915,394.0
893,HG3162-HT3339_at,-3.9717421806848567,0.0003012114458872668,395.0
2487,S74728_at,3.8210804579074122,0.000301811942085308,396.0
3118,U37352_at,3.8478979473131396,0.0003089706897489346,397.0
483,D50912_at,3.8599794850051716,0.00031150319056269814,398.0
864,HG270-HT270_at,3.8585951012612827,0.00031257590213933935,399.0
4488,X69819_at,-3.907603993664351,0.0003144962467932164,400.0
1838,M23613_at,3.8025701085958987,0.00031688850131610894,401.0
3162,U40369_rna1_at,-4.13586860074424,0.00031855373367179927,402.0
1244,L07956_at,3.778395700138298,0.0003286481203666151,403.0
3903,U88964_at,3.811632949853439,0.0003402677471507993,404.0
5656,D63479_s_at,3.7649229755186777,0.000343638852710041,405.0
6011,K02777_s_at,3.7602391821357273,0.00035200524954347276,406.0
5938,J02621_s_at,3.764532135209356,0.00035232969930366914,407.0
2978,U28042_at,3.7545735971303005,0.0003577150235032198,408.0
2816,U15555_at,-3.94682386004688,0.00035848483749357656,409.0
3064,U33429_at,-3.843819477880971,0.00036263629083283666,410.0
4052,X04106_at,-3.892173038722478,0.0003657283182246997,411.0
769,D89052_at,-3.868590988094909,0.000367867397921745,412.0
5436,U94836_at,3.823790794743315,0.0003732746587975926,413.0
3961,U91985_at,3.76577751192722,0.00038093861707260844,414.0
1153,J05614_at,3.7466849514591707,0.00038243005288403017,415.0
4029,X02317_at,3.755043317783082,0.0003856110710477692,416.0
4747,X87212_at,-3.8885594727211985,0.00038704120226146595,417.0
499,D50930_at,3.7245385269989826,0.0003925806501385511,418.0
6404,M98399_s_at,-4.077632778068041,0.00039273843972673886,419.0
4093,X06745_at,3.737579070551192,0.0003931463486717628,420.0
91,AB003698_at,3.727737922124632,0.0003940454674465055,421.0
4974,Y08614_at,3.722383951055221,0.0003955020234055115,422.0
1669,M10901_at,3.737211402352818,0.0003978779697107938,423.0
3037,U31814_at,3.7311513144457784,0.0004015482949610618,424.0
2247,M80563_at,-3.9894092757438666,0.0004075890260705345,425.0
4995,Y09980_rna4_at,-3.8839046999697584,0.00040930184710709345,426.0
4372,X62320_at,-4.092608017011684,0.00041057262983675187,427.0
6180,M14483_rna1_s_at,3.737153262930163,0.0004191875008805506,428.0
5327,M14745_at,3.742914704814638,0.0004230815110491124,429.0
5248,D25304_at,3.7050265438022887,0.0004257301741948859,430.0
2113,M62810_at,3.700309148573645,0.0004257648700930868,431.0
7018,M27749_at,3.77609247940847,0.0004265073787932562,432.0
1730,M15059_at,-3.8225300833837097,0.0004314193585920557,433.0
5183,Z50853_at,3.693158457191895,0.0004353563780630434,434.0
781,D90224_at,3.7143353748454238,0.0004377048378030141,435.0
2630,U04343_at,-3.874218298484861,0.0004389423572692545,436.0
4766,X89576_at,3.691997636660413,0.00044293135199106556,437.0
6093,L25931_s_at,3.689769899925588,0.00044936285088714316,438.0
4188,X16667_at,-3.918966813252438,0.0004510869990166461,439.0
4977,Y08837_at,3.8097335235550025,0.0004516842397902176,440.0
2803,U15009_at,3.6807291594617566,0.0004558689870164431,441.0
3120,U37408_at,3.706630234806049,0.00046125192445302436,442.0
2712,U09564_at,3.6747761676826585,0.0004625319899910407,443.0
1196,L03532_at,3.6925023163498194,0.00046504739414988385,444.0
6356,M74088_s_at,3.795012279376665,0.000468351545236158,445.0
3360,U52101_at,-3.8273573553287354,0.00047393752311677756,446.0
5239,D00860_at,3.665895574204707,0.0004778591678787548,447.0
2119,M62994_at,3.6856357945123004,0.000479603275705206,448.0
773,D89667_at,-3.7001920964852615,0.00048265040674904313,449.0
167,D00760_at,3.6571608497512034,0.000490516529540571,450.0
2358,M92439_at,3.672983398440004,0.0004916495676823223,451.0
4872,X97335_at,3.655948026756577,0.0004918553456094479,452.0
449,D49400_at,-3.854850716136034,0.0004947139958313751,453.0
5793,M13452_s_at,-3.98718917236058,0.0004953877684891791,454.0
4513,X71973_at,-3.719652608341459,0.0004954898890735751,455.0
5074,Z21507_at,3.655208859487409,0.0004955693305294065,456.0
6393,X75091_s_at,3.6620850240457004,0.0004972342984343836,457.0
3340,U51127_at,-3.7543154604677635,0.0004988251715498592,458.0
6956,J00314_at,3.656058888236652,0.0005016908549638821,459.0
4231,X52192_at,-3.9348583698986936,0.0005145757363176747,460.0
4007,V00563_at,3.639683699053373,0.0005210480530178831,461.0
2049,M58297_at,3.712818092771165,0.0005241809810669017,462.0
5568,HG1400-HT1400_s_at,3.6354325644111047,0.0005314436736489922,463.0
4374,X62535_at,3.640205398745376,0.0005402088836976279,464.0
4057,X04325_at,3.635292428312623,0.0005431220732147545,465.0
2249,M80647_at,-3.8264109098552512,0.000547710099552018,466.0
320,D26579_at,-3.942187610848898,0.0005515343835931507,467.0
2118,M62982_at,-3.6303157953038445,0.0005528873649582117,468.0
2139,M63928_at,3.6322073880639634,0.0005530151834074305,469.0
4193,X16983_at,3.624529955420383,0.0005560513306157819,470.0
2062,M59820_at,-3.904890597692229,0.0005593288232400618,471.0
3238,U45955_at,3.6352496745877487,0.0005663596508575752,472.0
2241,M80254_at,-3.8953142831369987,0.0005744266693929608,473.0
4494,X70040_at,-3.765258908503812,0.0005753969497931105,474.0
3630,U70063_at,-3.9381678513644296,0.00057840308472738,475.0
1349,L16991_at,3.6509270330071053,0.0005784449521083128,476.0
6496,X74301_s_at,3.608581769060319,0.0005817603985313721,477.0
6199,M28130_rna1_s_at,-3.9469952368746055,0.0005833283257915498,478.0
1620,L42572_at,3.604123580511286,0.000583584644762378,479.0
4136,X13839_at,-3.8423944252595854,0.0005885576812416653,480.0
6160,X05855_s_at,3.6304950927486277,0.0005889688232607408,481.0
3915,U89505_at,3.6005767267191833,0.0005950782729195212,482.0
814,HG1862-HT1897_at,3.5995853737134107,0.0005973716423119799,483.0
7117,U11863_at,3.6308252781361237,0.0006011055113401155,484.0
4187,X16665_at,-3.7998891327469324,0.0006052749185700113,485.0
2304,M86667_at,3.6054078421085656,0.0006092058189066733,486.0
4568,X76061_at,3.620036649065826,0.0006097325313584984,487.0
3604,U67963_at,-3.7911104841963104,0.0006140001604932605,488.0
1954,M33336_at,3.5879907984550177,0.0006144048577381979,489.0
6523,Z50115_s_at,3.6009572141155646,0.0006160824651456579,490.0
648,D85758_at,3.6017725539705774,0.0006225792135941563,491.0
3268,U47414_at,3.584150732185393,0.0006235037053064132,492.0
4503,X70683_at,3.6216403242873576,0.0006420219594466274,493.0
3934,U90651_at,3.571992675483621,0.0006460117794550106,494.0
6873,M99435_at,3.5676350482543455,0.0006592875042552702,495.0
2775,U13666_at,-3.6388177409752775,0.0006604335103942903,496.0
230,D14660_at,3.6289237899791353,0.0006789934850865731,497.0
1156,K01396_at,-3.8786201833933047,0.0006813661430501799,498.0
3722,U77949_at,3.5756829515034965,0.0006909105457648681,499.0
342,D29643_at,-3.716213439800353,0.0006918700760808121,500.0
2251,M80899_at,-3.6667055152933457,0.0006981766709922327,501.0
4779,X90858_at,-3.857598797032348,0.0007111379675313615,502.0
2728,U10323_at,3.555541098285752,0.0007180126866577394,503.0
2311,M86849_at,3.587465357298223,0.0007300876556815271,504.0
1097,J04056_at,3.569701840491105,0.0007340752055648804,505.0
639,D84557_at,3.5323848654982717,0.0007358863738760739,506.0
3624,U69127_at,3.5480713218781688,0.0007388197883158867,507.0
1591,L41067_at,3.536363802971,0.0007397297573228824,508.0
194,D13315_at,3.536413402886616,0.0007441656283241351,509.0
1738,M15796_at,3.53039038141868,0.0007493202671220845,510.0
2556,S85655_at,3.540978095841198,0.0007574659153489868,511.0
4711,X84373_at,3.5437254284201036,0.0007619895480236085,512.0
5417,U47077_at,3.5211467935193554,0.0007635209172660825,513.0
4081,X05908_at,-3.7621738147525208,0.0007643864366578295,514.0
4762,X89267_at,-3.5683984745838706,0.0007689602837722507,515.0
5677,D86062_s_at,3.533096519747113,0.0007692491987437277,516.0
1945,M32334_at,3.5188251292411135,0.0007698835210992725,517.0
582,D79998_at,3.6620485479451603,0.0007731343948932966,518.0
4607,X78627_at,3.5448149959945345,0.0007744741078842023,519.0
3945,U90912_at,3.5238023476625084,0.0007747771146575639,520.0
4328,X59434_at,-3.5850856100974196,0.0007753189643171072,521.0
5289,L00058_at,3.5248836974660707,0.0007780136162787071,522.0
3062,U33286_at,3.5142586472259074,0.0007803793863353963,523.0
4375,X62573_at,-3.610412357740528,0.0007862823687443491,524.0
5121,Z32765_at,-3.7856536357710597,0.0007863838832013457,525.0
4157,X15183_at,3.5158651781550074,0.0007879008647031596,526.0
4931,Y00282_at,-3.5783344738391816,0.0007881497911467925,527.0
4489,X69838_at,3.5275442945025204,0.0007938357840066554,528.0
2042,M57710_at,-3.7970688060897673,0.0007974716713697133,529.0
1145,J05257_at,3.5285984463172437,0.0007981631722452451,530.0
2178,M68864_at,3.604595941938846,0.0008005472341104272,531.0
2454,S66431_at,3.5050646388522315,0.000804773375876613,532.0
2758,U12471_cds1_at,-3.531807616102846,0.0008071264060977083,533.0
6676,X58431_rna2_s_at,-3.730679087870264,0.0008085402224393782,534.0
4818,X93512_at,3.5706819169037973,0.000813209144063542,535.0
4518,X72790_at,3.540742097827547,0.0008137448733055368,536.0
3333,U50928_at,3.5103154421649934,0.0008193964850746429,537.0
5954,U50327_s_at,-3.665853563085639,0.0008199133122922129,538.0
2124,M63180_at,3.4983759557223446,0.0008222677780189312,539.0
4141,X14046_at,-3.586059366868201,0.0008263620415789322,540.0
1393,L20941_at,-3.712408106322025,0.0008576910523952143,541.0
5572,U41766_s_at,-3.618152548101802,0.0008702786123597508,542.0
388,D38293_at,3.546778881470252,0.0008719869276787605,543.0
929,HG3549-HT3751_at,3.492136875889446,0.0008737037300877682,544.0
3647,U71087_at,3.575553753301081,0.0008767469088872158,545.0
97,AC000064_cds1_at,-3.562027313889043,0.000888116056162587,546.0
3347,U51336_at,-3.6629237844728237,0.000901195908350769,547.0
162,D00596_at,3.4677323147172023,0.0009180004439358832,548.0
4367,X61970_at,3.4558109619194406,0.000936428722980607,549.0
4603,X78520_at,3.528443183799692,0.0009379619261652552,550.0
5770,HG2591-HT2687_s_at,3.5115162710421592,0.0009476226775174392,551.0
4460,X67698_at,-3.7097288502587573,0.0009507064908660459,552.0
2425,M98539_at,-3.6174131325028185,0.0009540249930008853,553.0
4855,X96752_at,3.4511870144060834,0.0009784664691776517,554.0
295,D25217_at,-3.566104126973157,0.000980418714927163,555.0
1647,L76702_at,3.486555051893816,0.0009892712065950851,556.0
1219,L06175_at,3.4386459498909074,0.0009960651561029944,557.0
4281,X55740_at,3.4860512784989233,0.000998624166187008,558.0
6939,Z30644_at,-3.6001989892600137,0.0010129004833877898,559.0
796,HG1148-HT1148_at,3.5250890555257537,0.0010176089757220886,560.0
3029,U31342_at,-3.6127638255229324,0.001018548519987679,561.0
4203,X17648_at,-3.6405644988777124,0.0010228998692085605,562.0
1834,M23254_at,-3.6426318688047696,0.001022951158885598,563.0
4127,X13238_at,3.4278999958731555,0.001024386232756569,564.0
4273,X55079_rna1_at,-3.618557886071353,0.001027346185145586,565.0
3177,U41060_at,3.4236786679641096,0.0010423203820221006,566.0
6583,Z54367_s_at,-3.660599929805913,0.0010524464769129218,567.0
3391,U53476_at,-3.4959174184019184,0.0010539996696556468,568.0
2427,M98833_at,3.4467630902820248,0.0010647196447521989,569.0
6835,K03431_cds1_at,-3.5137777921733564,0.001065318082842177,570.0
719,D87449_at,3.4675725768174184,0.0010726942464050187,571.0
1920,M30938_at,3.442624529304105,0.0010898189285998634,572.0
4371,X62078_at,-3.5827668018485457,0.0010974970634872322,573.0
4049,X03934_at,3.4816522175467814,0.0010993486704781897,574.0
2663,U07231_at,3.4034762889395482,0.0011077618430138192,575.0
4095,X06985_at,-3.5930330571790283,0.0011168822067880433,576.0
7019,M27749_r_at,3.4572108232337277,0.001128179110590875,577.0
4500,X70394_at,3.4005564514703517,0.0011304025867532191,578.0
1639,L76159_at,3.3965568002537747,0.0011337250520484482,579.0
7043,HG67-HT67_f_at,3.4257456384284843,0.0011350485463263683,580.0
4540,X74570_at,-3.4862781060111336,0.0011365377661624256,581.0
2290,M84739_at,-3.4864315779396526,0.0011505262445729403,582.0
1378,L19872_at,-3.6006608716438753,0.0011591431848306387,583.0
3341,U51166_at,3.385589466722954,0.0011697286531267164,584.0
6921,X55989_rna1_at,-3.5145209467836303,0.0011874796092371357,585.0
1923,M31158_at,-3.4740752171697133,0.0011889050131054127,586.0
1091,J03909_at,-3.6633172415748847,0.0011904374118084132,587.0
6509,U23852_s_at,3.4525394729585686,0.0011918028205222654,588.0
712,D87442_at,-3.504594099286724,0.0011942488958939354,589.0
750,D87953_at,-3.4794666160976506,0.0012002346562884326,590.0
3503,U61836_at,-3.5912351537163034,0.0012014305498891885,591.0
4523,X72964_at,3.3834596111536044,0.001202966974684675,592.0
817,HG1879-HT1919_at,-3.563931725769315,0.0012089313136627905,593.0
873,HG2788-HT2896_at,-3.6446694002162996,0.0012118241546291361,594.0
6039,S57212_s_at,3.371813215098947,0.0012247054862365883,595.0
2398,M95809_at,3.3741419756817304,0.0012322099346642004,596.0
503,D55654_at,3.3686723415060866,0.0012355572583867332,597.0
4480,X69141_at,3.369565529754109,0.0012400160566084103,598.0
6267,Z47055_s_at,3.3856182597211744,0.001246682883485747,599.0
4442,X66533_at,3.369867820548179,0.0012512196512423108,600.0
5262,D80000_at,3.3648710828353363,0.0012537957957771337,601.0
1222,L06505_at,-3.369087908018248,0.0012628335203344423,602.0
1604,L41887_rna1_at,3.367294032982267,0.0012640044493845441,603.0
700,D87127_at,3.3599119759803115,0.0012662030279139984,604.0
815,HG1869-HT1904_at,3.35956011289608,0.0012669992216211194,605.0
6214,M19508_xpt3_s_at,-3.6336613828201973,0.00127784955742826,606.0
5191,Z69915_at,3.363189666857547,0.0012864163101527788,607.0
5663,Y10807_s_at,3.3539452022857583,0.001289617615180017,608.0
1897,M29194_at,3.358728654605392,0.0012999809075651414,609.0
3432,U57721_at,-3.6185508932187185,0.001303778404803326,610.0
4189,X16706_at,-3.5916193070249567,0.0013123586971641112,611.0
6544,U35835_s_at,3.355276970564099,0.0013126186136695889,612.0
2372,M93650_at,-3.362960077132745,0.0013161416099692668,613.0
6562,U51333_s_at,-3.5676313548270193,0.00131627967143967,614.0
1594,L41162_at,3.479448692715467,0.0013236213061958342,615.0
4342,X59892_at,-3.5455933471827468,0.001323708426232452,616.0
4272,X54942_at,3.348822543813526,0.001332617911659654,617.0
378,D32050_at,3.4020521095868297,0.001339284819816537,618.0
5234,Z97074_at,3.3428940865628176,0.0013451686798937553,619.0
2136,M63835_at,-3.5872723668775706,0.001375028726115212,620.0
5941,X05130_s_at,-3.55614567672141,0.0013870885062162457,621.0
6962,L32961_at,-3.382438158752506,0.0013916720697934387,622.0
2944,U25128_at,-3.5023931677115816,0.001402935284485665,623.0
6208,Z19554_s_at,-3.444029961503423,0.0014099690700053649,624.0
5816,L07807_s_at,-3.4674815853419263,0.0014150951769766901,625.0
4709,X84194_at,3.3899587920103627,0.0014167198702741148,626.0
2185,M69043_at,-3.485118276544055,0.0014274747263686607,627.0
437,D43950_at,3.3331954828426915,0.001431968083371076,628.0
440,D45248_at,3.3556238074347724,0.0014324905538744927,629.0
1816,M22324_at,-3.4557872670384886,0.0014381582627131175,630.0
1129,J04973_at,3.318326235019787,0.0014394989138040264,631.0
2713,U09578_at,-3.48187695429156,0.0014413706558463453,632.0
1351,L17131_rna1_at,-3.3971407453736693,0.0014474224075015476,633.0
4426,X66079_at,3.3215784458959523,0.0014488524962698866,634.0
5444,X04526_at,3.314202730820226,0.0014705916751282424,635.0
6684,X89101_s_at,-3.4608126727963007,0.0014748738879765838,636.0
4068,X04828_at,-3.483375159740381,0.0014757831969048618,637.0
4086,X06323_at,3.309750196530465,0.0014847267961670414,638.0
6206,M18255_cds2_s_at,3.308324663253132,0.0014854068984697275,639.0
3479,U60269_cds3_at,-3.3756168009472973,0.001492849800609029,640.0
6792,HG3921-HT4191_f_at,-3.4467410929611675,0.001508876334119071,641.0
1203,L04947_at,3.346684570592546,0.0015197325523227145,642.0
6361,M75715_s_at,-3.4749552421966965,0.0015266398917388277,643.0
3022,U30999_at,-3.4226182222668875,0.001543297834849242,644.0
5401,U31556_at,3.3069863439701463,0.0015636984918592754,645.0
6377,M83667_rna1_s_at,-3.528313127256206,0.0015660401805206747,646.0
4341,X59871_at,3.3576066738223425,0.00157767534570577,647.0
1832,M23161_at,3.289022345383218,0.0015812067700724949,648.0
6889,U21556_at,-3.451266025917854,0.0015823955784320495,649.0
3232,U44772_at,-3.448160076204863,0.0015828227794619826,650.0
2022,M55210_at,3.28734081395041,0.0015882229423237356,651.0
258,D16469_at,-3.3963229744845362,0.0015972930087041932,652.0
963,HG4018-HT4288_at,-3.4446283725115974,0.0015996471054566743,653.0
2274,M83221_at,-3.451069695738095,0.0016171687168714175,654.0
1245,L08069_at,3.2810431560970774,0.0016304850922459094,655.0
505,D55716_at,3.2771506576670832,0.0016347050245481007,656.0
6604,X56687_s_at,3.327635570384118,0.0016424805469821824,657.0
538,D63881_at,3.275367146055436,0.0016434792033115024,658.0
6268,M29932_s_at,-3.410690914182885,0.0016452041122606697,659.0
434,D43947_at,3.2834431722387065,0.0016535393834494357,660.0
5776,U48705_rna1_s_at,3.2789556106832896,0.0016679665699543742,661.0
2942,U25029_at,3.27476009458349,0.0016762929724522234,662.0
3236,U45285_at,-3.475086309308434,0.0016906534499414806,663.0
1739,M15841_at,3.273764947620753,0.0016941271502812923,664.0
2644,U05340_at,3.2736374662180667,0.0017053702500288068,665.0
3385,U53225_at,3.4048322324479887,0.0017074504902113638,666.0
6331,M60483_rna1_s_at,3.2638626642630246,0.0017096424444643387,667.0
4810,X92814_at,-3.4525687681994808,0.0017287118664796213,668.0
737,D87468_at,-3.359682510818458,0.0017432720296036116,669.0
2643,U05321_at,3.263110684898344,0.0017473829062493807,670.0
2885,U19878_at,-3.3659299578962965,0.0017501448909258191,671.0
3952,U91316_at,3.2716888252382055,0.0017691626651554094,672.0
336,D28589_at,3.2649620940022785,0.00177025892191758,673.0
3683,U73514_at,3.315997573125381,0.0017815181234162145,674.0
219,D13988_at,3.24760059997456,0.001788734389034414,675.0
2355,M92357_at,-3.498094170096632,0.0017998463926339938,676.0
5038,Y12670_at,-3.4873964049042816,0.001802405689460779,677.0
6998,X06318_at,3.245040054317145,0.0018030747804591264,678.0
3772,U79274_at,3.247119221036101,0.001804747362671769,679.0
4803,X92475_at,3.2622022071401764,0.0018061673580899139,680.0
1583,L40410_at,3.251893141073551,0.0018138136378701008,681.0
2450,S62539_at,3.2429131648833187,0.0018141091820942277,682.0
2360,M92934_at,3.304330649019005,0.0018368051474369452,683.0
372,D31887_at,3.2858518181808396,0.0018468791230240819,684.0
5126,Z34975_at,3.263373989548229,0.001847209827299455,685.0
4406,X64364_at,-3.3424394581433137,0.0018481515183094899,686.0
5112,Z29481_at,-3.3634827499166216,0.0018486465413741647,687.0
1139,J05096_rna1_at,-3.2920545455176056,0.0018504699648621372,688.0
6522,U75276_s_at,3.246531762689375,0.0018540449974434614,689.0
305,D26018_at,3.3014288057764176,0.0018725474991568847,690.0
1105,J04132_at,3.2479612143666112,0.0018747423639186062,691.0
695,D87077_at,3.230162169355778,0.0018878713833778479,692.0
2698,U09210_at,-3.26740080055199,0.0018915239321408025,693.0
1939,M31951_at,3.2667853270196394,0.001894736872812898,694.0
5937,V00599_s_at,3.2469372522554623,0.001894880210088196,695.0
4798,X91992_at,3.2944932849863435,0.001909885838850663,696.0
1447,L28010_at,3.2320450502582636,0.0019108757326852786,697.0
6475,U72935_cds3_s_at,3.2683967773132805,0.0019170380567212519,698.0
3352,U51586_at,3.2228427928330885,0.0019330057963042428,699.0
1295,L12392_at,-3.346108735172289,0.0019368356423946618,700.0
4978,Y08915_at,3.222024981038027,0.0019384245055241776,701.0
4409,X64643_at,3.254560125928979,0.0019577564981088907,702.0
581,D79997_at,3.221903165612583,0.0019686243669381617,703.0
1783,M19722_at,-3.3854236965853763,0.0019701060776250866,704.0
353,D30742_at,3.244318452804686,0.0019756403122915744,705.0
2093,M60858_rna1_at,3.214743778269061,0.0019766450027415717,706.0
3946,U90913_at,3.2209092298916175,0.001988406473384627,707.0
4269,X54936_at,-3.303191892651165,0.001998454938231083,708.0
6192,M16652_s_at,3.3456046823671937,0.0020018137280842243,709.0
4626,X79440_at,3.2415106153336333,0.002011549253487131,710.0
1952,M33195_at,-3.455449976597464,0.0020276533804491933,711.0
1246,L08177_at,-3.403389366799323,0.0020298584680225563,712.0
2409,M96944_at,3.3010615168668385,0.0020374202580815642,713.0
1975,M34423_at,-3.3468473028339902,0.002039412781749165,714.0
6989,U21689_at,3.295420861456802,0.0020562677245652347,715.0
2393,M95678_at,-3.417717410202275,0.00210316167188937,716.0
1258,L09708_at,-3.355329407246143,0.002106894553657777,717.0
5857,HG371-HT26388_s_at,-3.3377885591281613,0.002116211055076913,718.0
3664,U72514_at,3.1988377840099487,0.0021179677757251145,719.0
6683,X83490_s_at,-3.3502157521433795,0.0021443225240604913,720.0
1363,L19183_at,3.200686084636433,0.0021555341812545528,721.0
456,D49738_at,3.186096647332248,0.0021560372965892726,722.0
2606,U03090_at,-3.3074346152063008,0.002159078317592986,723.0
3787,U79296_at,3.1905742360228846,0.002159442459313615,724.0
2385,M94856_at,3.1841143869802253,0.0021678269663717234,725.0
2840,U17280_at,-3.272797938849484,0.0021729706792833242,726.0
6547,Z69030_s_at,3.1820275203357586,0.0021882130114867656,727.0
5837,HG3395-HT3573_s_at,3.2326669558351515,0.0021941313243194404,728.0
5216,Z83745_at,-3.2547944942260028,0.002212892069120754,729.0
1060,J02888_at,-3.296503430204052,0.0022263985165915253,730.0
1124,J04794_at,3.1924314662236988,0.0022274662582604165,731.0
156,AJ000480_at,-3.3533593300288373,0.0022882288010324155,732.0
2670,U07563_cds1_at,3.2170952641432127,0.0023063653767362033,733.0
4428,X66141_at,-3.255297716177204,0.0023065188508049925,734.0
5372,S76638_at,-3.366650084701646,0.002311567356530975,735.0
5053,Z11793_at,-3.301737082637792,0.0023124861902860065,736.0
2180,M68891_at,-3.376444752247814,0.0023333604190880477,737.0
6193,M16707_rna1_at,3.18279220750712,0.0023449171220782405,738.0
3083,U34877_at,-3.246034698605185,0.002387682675939863,739.0
4248,X53416_at,-3.2663423670539897,0.0023888379024715463,740.0
1571,L40391_at,3.15117848921739,0.0023950537345922376,741.0
1455,L29277_at,-3.295920686699517,0.0024014101480680206,742.0
132,AF005037_at,3.165524853680142,0.002402034500406018,743.0
1598,L41607_at,-3.261941703678925,0.002411238964333736,744.0
4069,X04898_rna1_at,3.224962616283823,0.002426754971968864,745.0
5388,U18259_at,3.1457784079832423,0.002432317745693662,746.0
2827,U16282_at,-3.190125244068264,0.002435802357452766,747.0
3039,U31930_at,3.1417178298538255,0.002473879621823861,748.0
2477,S72869_at,-3.256433732156678,0.002495377370223232,749.0
3188,U41813_at,-3.2255387188896294,0.0024969635550452477,750.0
367,D31846_at,-3.1758317484673535,0.002515112280031856,751.0
935,HG363-HT363_at,-3.1884953356471244,0.0025406057511169282,752.0
3697,U75679_at,3.127776927876386,0.002571896104136234,753.0
5871,HG4020-HT4290_s_at,-3.224189296032973,0.0025823576578607693,754.0
6888,U19765_at,3.1315075677971342,0.0025952652348902334,755.0
1845,M24400_at,-3.178479378065247,0.0025972618757582923,756.0
50,AFFX-M27830_5_at,3.1656984454189434,0.002622865371820585,757.0
1933,M31642_at,3.1292216818340584,0.00263010737712803,758.0
2388,M95178_at,-3.2352717734440812,0.0026406730267795366,759.0
5807,HG2981-HT3127_s_at,-3.3462530975970046,0.0026505023005653867,760.0
3317,U50062_at,-3.1985698937125093,0.002658935763225336,761.0
2001,M37583_at,3.115842927818521,0.002660301215483028,762.0
6799,L49219_f_at,3.1311109540618065,0.002674329288457378,763.0
680,D86981_at,3.1152772858236535,0.0026743677104004546,764.0
3755,U79253_at,-3.1129088972570194,0.002682603026527674,765.0
4954,Y07755_at,3.212640341113109,0.0026901079266391176,766.0
4884,X98248_rna1_at,3.129626210513668,0.0026913914284877856,767.0
6284,U05681_s_at,-3.249441555521598,0.0027634518227033986,768.0
2378,M94250_at,3.137216977912394,0.0027693617740659746,769.0
609,D83243_at,3.106444209452829,0.0027803334629148313,770.0
1902,M29536_at,3.1004525308355575,0.002791370485960616,771.0
1457,L29376_at,3.1002828528981796,0.002796477797939192,772.0
6715,X98534_s_at,-3.1768622243366083,0.0027997054204560354,773.0
507,D59253_at,3.1205847653261327,0.00280046545019581,774.0
5939,J02683_s_at,3.101327456949659,0.002800872196358786,775.0
4420,X65644_at,3.1472993711621684,0.0028053554786058536,776.0
5008,Y10376_at,-3.155748190524188,0.0028065743327788982,777.0
2255,M81601_at,3.0965919039506846,0.0028161598080249746,778.0
5707,HG1322-HT5143_s_at,3.0964772343100115,0.0028182943957561347,779.0
4230,X52151_at,-3.2359796039024853,0.002819748621183023,780.0
3667,U72621_at,-3.205743149694045,0.002827413853333687,781.0
4699,X83441_at,3.1146502521053794,0.0028427831973706847,782.0
793,HG1112-HT1112_at,3.1184947670022507,0.002845420473335243,783.0
5593,U62293_rna1_s_at,3.1514133703596863,0.0028633968810248406,784.0
1979,M34668_at,3.0991486615563377,0.0028685183808795445,785.0
3330,U50733_at,3.0938042621501625,0.0028707977812305217,786.0
5431,U73936_at,-3.1948781936365886,0.0028778815116354424,787.0
5300,L10413_at,3.0909290528451043,0.0028841743565624794,788.0
669,D86969_at,3.086937781332443,0.002897850126009538,789.0
1317,L13848_at,3.086870879852848,0.002898083704488653,790.0
3929,U90544_at,3.1579340537336704,0.0029273957815844215,791.0
6155,M10321_s_at,-3.092513615628175,0.002930959108335469,792.0
2997,U29171_at,-3.2515288255457775,0.0029554962693090444,793.0
717,D87447_at,3.0818638655745065,0.0029633265089904154,794.0
4716,X84908_at,3.086054662226744,0.0029788134680449226,795.0
1092,J03925_at,-3.2734954218478562,0.0029874013076987664,796.0
607,D83032_at,3.09021207692315,0.0029957747594040324,797.0
3375,U52682_at,3.077184970052142,0.0030052124594092894,798.0
118,AF000231_at,3.0778135723664604,0.0030079877301126563,799.0
1094,J04027_at,-3.27935666649223,0.003035841408060524,800.0
5336,M24900_at,-3.141970844935505,0.0030408032764576787,801.0
5881,HG417-HT417_s_at,-3.26952877978834,0.0030657989154495202,802.0
4003,U97105_at,3.10046820133934,0.0031301534090117677,803.0
4633,X79865_at,3.091712471179206,0.0031438485923775644,804.0
1333,L14856_at,-3.1665721268496116,0.003144346538497534,805.0
1890,M28713_at,-3.1392817043944325,0.0031587166292675706,806.0
3488,U60666_at,-3.1210770902562803,0.0031609329686712513,807.0
706,D87434_at,-3.2055239440564187,0.0031822396156880716,808.0
3065,U33447_at,3.130622631149073,0.003186501571212394,809.0
7000,X07730_at,-3.149128226284305,0.003188704091433163,810.0
1925,M31166_at,-3.268769459647576,0.0032267998136396346,811.0
4946,Y00978_at,3.0492929675663047,0.0032388977125058604,812.0
2510,S78187_at,3.050887914000372,0.0032463259789562264,813.0
1120,J04621_at,3.0553063079325926,0.0032762610217585177,814.0
1693,M12886_at,3.070297768603949,0.0032815687669417825,815.0
6288,X54199_s_at,3.1190401067994524,0.0032879616110256644,816.0
5955,J03077_s_at,-3.1858686595157,0.003293716591357164,817.0
1749,M16424_at,-3.117238976492865,0.003296149274025371,818.0
2676,U07802_at,3.045639198987883,0.003300374779951186,819.0
4385,X63417_at,-3.1933149476750917,0.0033598920504116473,820.0
334,D28532_at,-3.1382766027634776,0.0033599271557972956,821.0
138,AF006084_at,-3.200609957589415,0.0033632817764007697,822.0
657,D86956_at,3.0354038344057743,0.0033722761683025026,823.0
6433,S76473_s_at,-3.0780011109706646,0.0033749380283995324,824.0
1496,L35240_at,-3.103587857344716,0.0033936383527351393,825.0
3519,U62961_at,3.079401854090666,0.003410094698333466,826.0
2591,U02020_at,-3.236949569164339,0.003440793642342342,827.0
3324,U50523_at,-3.1031534733337325,0.0034470051471177606,828.0
3606,U68018_at,3.0285145210297233,0.00344839162089674,829.0
6179,M16336_s_at,3.0597951746966117,0.0035115484218523722,830.0
3274,U47927_at,3.0200534158657923,0.003535156730634106,831.0
5797,HG2815-HT2931_s_at,3.0303426242714293,0.00356081757580861,832.0
5597,L15326_s_at,-3.1847931012560102,0.0035645040814347136,833.0
4196,X17094_at,-3.1693403170066006,0.003564822666470814,834.0
5055,Z12173_at,-3.1604558477124765,0.003569159187208813,835.0
1874,M27281_at,-3.1118296703530484,0.003574052058609127,836.0
1193,L02932_at,3.0501936456518366,0.0035912833176312024,837.0
790,HG1102-HT1102_at,-3.1714265647246576,0.003595509225308059,838.0
2146,M64108_at,-3.110361305059868,0.003608903203893025,839.0
572,D79988_at,3.058415049383622,0.003611070476720895,840.0
5975,M21119_s_at,-3.216649096006558,0.0036208755135231077,841.0
970,HG4073-HT4343_at,3.020281997329539,0.0036245886409261726,842.0
2736,U10686_at,-3.0694032476579802,0.0036413568657079334,843.0
478,D50810_at,3.033633647964946,0.0036587877779572574,844.0
5722,U19247_rna1_s_at,-3.1694954284654355,0.0036909156116467718,845.0
3228,U44378_at,3.0077317585811865,0.003710175510576015,846.0
485,D50914_at,3.0066733202112466,0.0037351378866587953,847.0
6521,U28488_s_at,-3.177943693917239,0.003753054996598102,848.0
4794,X91648_at,3.012195398692593,0.0037594217387026964,849.0
5145,Z46973_at,3.032713338624216,0.0037642986898949616,850.0
5620,HG4312-HT4582_s_at,3.006788919036794,0.0038028704594998313,851.0
509,D61391_at,3.0155173521542724,0.0038054545462697553,852.0
3440,U58087_at,3.004542158581537,0.003808794230688166,853.0
5630,D38496_s_at,3.0440164612145977,0.003819092941746099,854.0
5644,D49372_s_at,-3.0332442434238507,0.0038217885382930417,855.0
6286,X68090_s_at,-3.029821888441733,0.003830747718332113,856.0
1822,M22632_at,3.0082650043820935,0.003832636381181433,857.0
3332,U50839_at,3.001448663999426,0.00384269678263039,858.0
1996,M37190_at,-3.0702628399992005,0.0038675218175754904,859.0
5777,M90391_s_at,2.991912103244804,0.0038843040830700438,860.0
1660,L77886_at,3.0074191129386003,0.003911023336569046,861.0
2318,M87339_at,2.9838516371185055,0.003922557777799898,862.0
4369,X62048_at,2.9859155159572572,0.003930510511031567,863.0
348,D29958_at,3.01715261859223,0.003942424064446676,864.0
3183,U41668_at,3.005467704007007,0.0039430519533075565,865.0
2053,M58597_at,-3.051071741006569,0.003944432346371534,866.0
4702,X83573_at,-3.0553602985829884,0.0039606412846247595,867.0
2857,U18242_at,2.9789965692923497,0.003972309903516389,868.0
1699,M13450_at,2.9832416154901042,0.003984483158924681,869.0
5504,Z48482_at,3.0223340529171727,0.003996375661357696,870.0
5641,M19311_s_at,2.973863284054509,0.004044484780663504,871.0
4266,X54870_at,3.0135495102397374,0.004055816274679861,872.0
135,AF005775_at,-3.0292208824220466,0.004080159248615328,873.0
1944,M32315_at,-3.1559067183269196,0.004103063924236291,874.0
6274,X57152_rna1_s_at,2.9872304475492357,0.004128303521600635,875.0
6654,Z11518_s_at,2.9710362026836385,0.004188008347543804,876.0
3074,U33921_at,2.9695930594398154,0.004199372991436136,877.0
698,D87119_at,2.9759987642747445,0.004210681862182409,878.0
6490,U15642_s_at,2.970271742586802,0.004222153634461478,879.0
4753,X87838_at,-3.065129705985379,0.0042270708861563274,880.0
5869,X77588_s_at,2.9818733977478242,0.004252460441042768,881.0
3201,U43083_at,-3.0475831384831147,0.00428777879929328,882.0
111,AC002464_at,3.0216024242657813,0.004301805539242047,883.0
2380,M94362_at,2.9509844599494794,0.004311694839189494,884.0
3280,U48251_at,2.9798151959948456,0.004323688455143617,885.0
3004,U29680_at,-3.133106549746543,0.004373976580669749,886.0
1444,L27706_at,2.94430436494842,0.004391271934949544,887.0
2043,M57730_at,2.9464320812769325,0.00442206759392718,888.0
2196,M73720_at,-3.1169024784888846,0.004422653147863028,889.0
1182,L01087_at,2.968115426171333,0.004442530821227982,890.0
2564,U00672_at,-3.082593960776225,0.004442868216489743,891.0
3578,U66561_at,2.961559871696505,0.004470389677251481,892.0
1540,L38696_at,2.9380483356003837,0.004474658893479478,893.0
626,D83783_at,2.938499756821747,0.004500073311655193,894.0
6205,Y00414_s_at,-3.01372584337847,0.004505941492113564,895.0
3788,U79297_at,2.932989823025975,0.0045415286953566615,896.0
1882,M28209_at,-3.035634973057639,0.004545357103005921,897.0
5347,M61853_at,2.9531445948975734,0.004549008517794898,898.0
4676,X82200_at,2.9321115636948383,0.004550332475878611,899.0
2636,U04847_at,2.99537985941608,0.004571698401974223,900.0
5565,D13705_s_at,-2.9847711064640183,0.00457195157923433,901.0
2005,M37815_cds1_at,2.9353505296336992,0.004591455115956004,902.0
4723,X85373_at,2.928104391493383,0.0046164293657466006,903.0
4279,X55715_at,-3.0095887943244257,0.0046467189331974215,904.0
2034,M55905_at,2.934746255106791,0.004647950350716488,905.0
4502,X70649_at,2.931847662494619,0.004694176788574993,906.0
1118,J04611_at,2.929034805444192,0.004697916981304156,907.0
5559,D79206_s_at,-3.0765263664293716,0.004700813289788543,908.0
5335,M24283_at,-3.0960487802999905,0.004717238059538401,909.0
2631,U04520_at,-2.966868370955951,0.004748879846187637,910.0
407,D38751_at,2.9719271994716174,0.004751628105344162,911.0
1958,M33521_at,2.9148516983690587,0.0047760181346797785,912.0
2437,S45630_at,-2.986926826632069,0.004787751474556172,913.0
323,D26600_at,2.9161894595499818,0.004809754924120937,914.0
4538,X74331_at,2.916522107690545,0.004815275590529527,915.0
497,D50927_at,2.9107616463854296,0.004832801456561897,916.0
1412,L23852_at,-3.0449548567783884,0.004842015455015317,917.0
2936,U24169_at,2.9752363157196458,0.0048432837637591335,918.0
975,HG4128-HT4398_at,2.912316487880651,0.004849652970984652,919.0
758,D88378_at,2.909794805931389,0.004850289596775117,920.0
1218,L06147_at,2.954111806911156,0.004851035197797761,921.0
240,D14710_at,2.909676107357232,0.00485577018212826,922.0
1046,J00073_at,-2.983035294059107,0.004857341783109412,923.0
4683,X82494_at,2.9113636499472113,0.004859903594017017,924.0
3429,U57592_at,-3.0699280188978206,0.00486628683338616,925.0
3450,U58681_at,-2.99064888727837,0.004891014961585435,926.0
4287,X56253_rna1_at,-2.9050063943656577,0.004912010310172883,927.0
6241,M24485_s_at,-3.009626076393846,0.004921693273984166,928.0
643,D85418_at,2.9395864520789106,0.004933679115298384,929.0
926,HG3517-HT3711_at,-2.9326528447312694,0.004941038095633011,930.0
3496,U61232_at,2.9137951090244374,0.004954393327456491,931.0
4620,X79067_at,2.9680644049626475,0.0049830711718073925,932.0
3621,U68723_at,2.9126902322293966,0.004996186400284386,933.0
2640,U05237_at,2.9349768913238887,0.00503337690377729,934.0
6421,S69272_s_at,-2.99154466809863,0.005052144417433805,935.0
3028,U31248_at,-2.9160457627642953,0.00505341061784645,936.0
2946,U25165_at,2.903221280026989,0.00507723726840084,937.0
699,D87120_at,2.917059645754523,0.005086158345956062,938.0
4430,X66358_at,2.891067851777401,0.005135040955115696,939.0
6945,Z80781_at,2.8891151442379432,0.005147802098068574,940.0
6283,M33684_s_at,-3.0123486680155342,0.0051483671604144726,941.0
1480,L33881_at,2.904093747180144,0.005160390889166031,942.0
247,D14874_at,-2.990135244818414,0.005164373587247804,943.0
4199,X17254_at,-2.9651448501806157,0.005190439753859742,944.0
4263,X54637_at,-3.0452659385729697,0.005208075141197604,945.0
950,HG3945-HT4215_at,-2.9067981040348845,0.005236121093015415,946.0
3207,U43292_at,-2.9243499192145994,0.0052641713219514896,947.0
6109,L35249_s_at,-3.00613474081894,0.005332882615740049,948.0
6223,M26311_s_at,-2.994991080494382,0.005352688709147538,949.0
3291,U48936_at,-2.9393152066346495,0.005400260658367071,950.0
1230,L07515_at,2.900126337672272,0.005408767237599213,951.0
1256,L09260_at,2.8759932783426767,0.005411877095639406,952.0
2029,M55542_at,2.89307070566913,0.005416438326393123,953.0
6605,X00437_s_at,2.9127988816324666,0.005419605401635424,954.0
2285,M84332_at,-2.929788217742074,0.005426831659028571,955.0
6211,X54667_s_at,-2.924243304187981,0.005449308336838928,956.0
6985,U09587_at,2.8661038802632413,0.005489088830497722,957.0
476,D50683_at,2.8811888633943052,0.00549622200630707,958.0
4990,Y09615_at,-2.9516346889596328,0.005515084478565905,959.0
3773,U79275_at,-2.9455884199799565,0.005515868079291076,960.0
249,D14889_at,-2.9359055066669155,0.00552231027520652,961.0
6938,Z30643_at,-2.937778600179624,0.005525473374594188,962.0
3139,U38896_at,2.9239313952620996,0.005586546412123391,963.0
2829,U16306_at,-3.038984217091551,0.00561278661397865,964.0
2153,M64572_at,2.894945766356576,0.005626031658366043,965.0
3620,U68566_at,2.870435107338365,0.00563195410301962,966.0
1819,M22489_at,2.89404681922343,0.005659163607349458,967.0
397,D38524_at,2.852527375704185,0.005697961581137402,968.0
2668,U07550_at,2.85247193210371,0.0056996617365503,969.0
708,D87436_at,2.875317876828728,0.005702361715918762,970.0
558,D78275_at,2.8524762433423376,0.005712258924280017,971.0
360,D31764_at,2.8833956006805885,0.005725152358053487,972.0
6307,M57731_s_at,-3.030366913462017,0.005749563463002027,973.0
1464,L31881_at,-2.9063539556427744,0.005770912202944001,974.0
1506,L36069_at,2.8844467850089974,0.005775538923562521,975.0
5048,Z11502_at,2.860481217607964,0.005830371459632949,976.0
5613,X68688_rna1_s_at,-2.928916511378236,0.005839122647674318,977.0
4589,X77366_at,2.8962719601228097,0.005866396693593305,978.0
3058,U33053_at,-2.8601658575667863,0.00589395278012156,979.0
6264,U20734_s_at,-2.9487292712213256,0.005895638237130187,980.0
1375,L19779_at,-2.922621746076422,0.0059231396539751015,981.0
5259,D50405_at,2.8429278020345166,0.005945101074341401,982.0
6570,U47686_s_at,2.84491421101766,0.005969933423385515,983.0
1362,L19161_at,2.841594873705324,0.005990759082811487,984.0
897,HG3231-HT3408_at,-2.880566520892748,0.005992013905065567,985.0
2031,M55593_at,-2.928108932446813,0.005997850454782373,986.0
2236,M77698_at,2.8344436742725394,0.0060015704919855915,987.0
4819,X93920_at,-2.955889447874779,0.006005416085008905,988.0
3460,U59309_at,2.8386659345145877,0.006023779092785202,989.0
3536,U63825_at,2.833117890438816,0.006045997172755087,990.0
3364,U52112_rna5_at,-2.894590761310704,0.006048932917693699,991.0
4824,X94453_at,2.8316921816416687,0.006072354347345041,992.0
6944,Z80779_at,2.828603007457882,0.006094472667845492,993.0
5398,U26424_at,2.8419663626271467,0.006108794531693259,994.0
2605,U03057_at,-2.8839852794425354,0.006192089334186039,995.0
4843,X95648_at,2.8218383572954306,0.006217965233698349,996.0
5032,Y11710_rna1_at,-2.844469512343686,0.006259838666099481,997.0
195,D13370_at,2.8211093702216585,0.00626028885638669,998.0
3925,U90313_at,-2.8564320932999276,0.006286285917767817,999.0
2546,S82472_at,2.8173774276233754,0.006294318517674221,1000.0
6656,X12530_s_at,2.8519839300532643,0.006324201312276984,1001.0
1512,L36645_at,2.81670333389584,0.006336125299342618,1002.0
5931,M87789_s_at,-2.881035086026576,0.006338496353050835,1003.0
1801,M21186_at,-2.888900211979409,0.006358163088303141,1004.0
2787,U14417_at,-2.9516247375760885,0.006358178090194021,1005.0
5432,U74324_at,2.8263502407602066,0.006393554406865524,1006.0
1446,L27943_at,-2.8958610508668725,0.006457952490930509,1007.0
4548,X75042_at,-2.944712036356624,0.0064913474145415154,1008.0
1175,K03515_at,-2.889986060594226,0.006505197456812426,1009.0
2377,M94167_at,-2.845926172908384,0.006541450740402833,1010.0
6242,M24486_s_at,2.8035175328159925,0.006547608475633346,1011.0
1898,M29204_at,2.8082058385808573,0.006623577187107742,1012.0
6612,Z48501_s_at,-2.881477466539657,0.006627717618443739,1013.0
4146,X14448_at,-2.8211025898204425,0.006644668670088559,1014.0
6333,M60784_s_at,2.80929962415886,0.006644903813228363,1015.0
1440,L27476_at,2.8065195493668176,0.006665905363522806,1016.0
5254,D38081_at,2.7956260892177416,0.006682202351061123,1017.0
602,D82345_at,2.822218670408367,0.006694844885523456,1018.0
5468,X63717_at,-2.8849113839817457,0.006697775638695869,1019.0
6595,U67122_s_at,2.7961957692154424,0.0067016569621626935,1020.0
5774,HG2639-HT2735_s_at,-2.8657946359092015,0.006770402019146216,1021.0
3438,U58034_at,-2.8310340525439615,0.006798451691259455,1022.0
4627,X79483_at,-2.7982209590520837,0.0068166820519558755,1023.0
4596,X77748_at,-2.791760270618389,0.006872638808323629,1024.0
3789,U79298_at,-2.848705078002678,0.006881663283016931,1025.0
2348,M91438_at,-2.9325152325123978,0.0069430093069470285,1026.0
4383,X63359_at,-2.803238301082691,0.006975103223653706,1027.0
4010,V01510_rna1_at,2.824149799724903,0.006991692548999334,1028.0
5667,S78271_s_at,2.778430611438544,0.007007297104695405,1029.0
5240,D10040_at,-2.927621649869104,0.007011151348297774,1030.0
4048,X03663_at,-2.934092207200921,0.0070136969582649065,1031.0
4519,X72841_at,2.779363482253933,0.007060735368202113,1032.0
1450,L28957_at,-2.817580027972751,0.00711054291405409,1033.0
6810,D38024_at,2.7964573073316585,0.007126687357468431,1034.0
5087,Z23090_at,2.7723390230111824,0.0071282591057526936,1035.0
2542,S82185_at,2.870088095738925,0.007139565655193841,1036.0
455,D49677_at,2.7899572835956135,0.007139892712428278,1037.0
1062,J02906_at,-2.815974755888864,0.007173439707478864,1038.0
4261,X54326_at,2.770284833073756,0.007174042681759958,1039.0
1257,L09604_at,-2.8025865791128126,0.007191917718702614,1040.0
4288,X56411_rna1_at,2.818185989092173,0.007193152706944304,1041.0
2308,M86752_at,2.78833331017004,0.007199630467570995,1042.0
5051,Z11697_at,-2.875155372143315,0.007241893310877838,1043.0
3507,U62317_rna3_at,-2.8413362914972815,0.007246453943926584,1044.0
5921,HG998-HT998_s_at,-2.8794671997166903,0.0072642685372354835,1045.0
5019,Y10659_at,-2.906519086101663,0.007269001625990208,1046.0
359,D31763_at,2.7635056308348345,0.007301969788234908,1047.0
1132,J04990_at,-2.927620244623085,0.007303331758462225,1048.0
4791,X91257_at,2.7789608055169146,0.007308807309583572,1049.0
4397,X63692_at,2.767229169123977,0.007313230775682225,1050.0
2958,U26032_at,2.760116590214393,0.007372381121088641,1051.0
6270,M33493_s_at,-2.9251991460736892,0.007373351293891488,1052.0
5883,U09937_rna1_s_at,-2.9110628103819627,0.00737466475082204,1053.0
1792,M20681_at,-2.836565571245732,0.007380919733117102,1054.0
3521,U62966_at,2.776190952728734,0.007390330215067706,1055.0
2523,S79854_at,2.828281313112328,0.007405462495986497,1056.0
